{
  "project_info": {
    "project_number": "210859735298",
    "project_id": "grocery-2-e1661",
    "storage_bucket": "grocery-2-e1661.appspot.com"
  },
  "client": [
    {
      "client_info": {
        "mobilesdk_app_id": "1:210859735298:android:dc6bd280c576146e79aa1b",
        "android_client_info": {
          "package_name": "fr.eurecom.android.grocery_2"
        }
      },
      "oauth_client": [
        {
          "client_id": "210859735298-hrijhjbtrcguv21t88dm2jiaskj4o17f.apps.googleusercontent.com",
          "client_type": 3
        }
      ],
      "api_key": [
        {
          "current_key": "AIzaSyB2gQsDZnOvo19v9s6MG4shubANzStygKU"
        }
      ],
      "services": {
        "appinvite_service": {
          "other_platform_oauth_client": [
            {
              "client_id": "210859735298-hrijhjbtrcguv21t88dm2jiaskj4o17f.apps.googleusercontent.com",
              "client_type": 3
            }
          ]
        }
      }
    }
  ],
  "configuration_version": "1"
}